047.png	False
0963.png	False
0580.png	False
0765.png	False
01032.png	False
01071.png	False
0535.png	False
0741.png	False
0239.png	False
0900.png	False
0982.png	True
01395.png	False
01442.png	False
01057.png	False
01216.png	False
01352.png	False
01569.png	False
0921.png	True
01420.png	False
0323.png	False
01391.png	False
0938.png	False
0293.png	False
0321.png	False
071.png	False
0999.png	False
01089.png	False
0210.png	False
01072.png	False
01605.png	False
041.png	True
01387.png	False
01462.png	False
01015.png	False
0945.png	False
0970.png	False
0758.png	False
00.png	False
0897.png	False
0251.png	False
0372.png	False
0488.png	False
0609.png	False
01530.png	False
0684.png	False
01205.png	False
01468.png	False
0922.png	False
01076.png	False
0297.png	False
0977.png	False
0681.png	False
01064.png	False
01239.png	False
01105.png	False
0927.png	False
01596.png	False
096.png	False
0233.png	False
0973.png	False
0638.png	False
0518.png	False
0840.png	False
01311.png	False
01012.png	False
0783.png	False
0842.png	False
0776.png	False
01412.png	False
01056.png	False
0740.png	False
01115.png	False
01145.png	False
01338.png	False
0827.png	False
01373.png	False
01234.png	False
01400.png	False
0531.png	False
0506.png	False
0594.png	False
01547.png	False
01341.png	False
01243.png	False
01326.png	False
01269.png	False
044.png	False
01016.png	False
01019.png	False
01337.png	False
0686.png	True
0278.png	False
01038.png	False
0514.png	False
030.png	False
0876.png	False
0634.png	False
0427.png	False
0773.png	False
0141.png	False
0616.png	False
01259.png	False
0617.png	False
0336.png	False
0204.png	False
01212.png	False
0709.png	False
0696.png	False
0187.png	False
01538.png	False
0868.png	False
0913.png	False
0748.png	False
0610.png	False
084.png	False
01290.png	False
0823.png	False
01048.png	False
0755.png	False
01370.png	False
01112.png	False
0829.png	False
0175.png	False
0205.png	False
0537.png	False
01081.png	False
01174.png	False
01369.png	False
0571.png	False
0313.png	False
0454.png	False
0220.png	False
0376.png	False
01099.png	False
0291.png	False
01009.png	False
0260.png	False
01425.png	False
0822.png	False
0718.png	False
01284.png	False
0920.png	False
0200.png	False
0242.png	False
0553.png	False
01204.png	False
01548.png	False
01443.png	False
01363.png	False
0475.png	False
01285.png	False
01274.png	False
0113.png	False
0942.png	False
01280.png	False
0296.png	False
0524.png	False
078.png	False
01008.png	False
01344.png	False
0871.png	False
0501.png	False
01371.png	False
0467.png	False
0138.png	False
0515.png	False
01133.png	False
01478.png	False
01527.png	False
0527.png	False
0702.png	False
0936.png	False
0283.png	False
01537.png	False
01440.png	False
023.png	False
0311.png	False
0286.png	False
01306.png	False
0730.png	False
01138.png	False
0387.png	False
01388.png	False
0564.png	False
01228.png	False
01351.png	False
0299.png	False
0126.png	False
0510.png	True
01456.png	False
0847.png	False
0380.png	False
01606.png	True
01426.png	False
01289.png	False
01294.png	True
0287.png	False
0207.png	False
0195.png	False
01052.png	False
01309.png	False
0669.png	False
0157.png	False
0587.png	False
0302.png	False
0762.png	False
01438.png	False
0583.png	False
01303.png	False
01418.png	False
093.png	False
01104.png	False
01187.png	False
01532.png	False
0579.png	False
0751.png	False
0830.png	True
01316.png	False
0891.png	False
0547.png	True
0370.png	False
026.png	False
01036.png	False
01150.png	False
017.png	False
0614.png	False
083.png	False
0672.png	True
01020.png	False
0117.png	False
01077.png	False
0972.png	False
0121.png	False
01171.png	False
0734.png	False
0878.png	False
01549.png	False
0112.png	False
01051.png	False
0757.png	False
0150.png	False
01304.png	False
01403.png	False
01208.png	False
0394.png	False
01512.png	False
0771.png	False
01452.png	False
0756.png	False
0877.png	False
0436.png	False
01263.png	False
0631.png	False
0438.png	False
0406.png	False
0935.png	False
013.png	False
0798.png	False
0986.png	False
01476.png	False
0630.png	False
0664.png	False
01129.png	False
0474.png	False
0435.png	False
0859.png	False
0623.png	False
0733.png	False
034.png	False
0324.png	False
01312.png	False
01424.png	False
0264.png	False
0346.png	False
01559.png	False
0907.png	False
01422.png	False
0377.png	False
01230.png	False
0222.png	False
01241.png	False
01464.png	False
0626.png	False
0826.png	False
0746.png	False
0549.png	False
0542.png	False
01471.png	False
01592.png	False
0129.png	False
0608.png	False
0924.png	False
01362.png	False
01539.png	False
01503.png	False
0190.png	False
0869.png	False
0722.png	False
0285.png	False
01068.png	False
0887.png	False
01421.png	False
01272.png	False
070.png	False
027.png	False
0573.png	False
0931.png	False
0122.png	False
0693.png	True
01540.png	False
0272.png	False
0600.png	True
0795.png	False
0576.png	False
01578.png	False
01342.png	False
0956.png	False
0271.png	False
01237.png	False
01130.png	False
0420.png	False
0816.png	False
0225.png	False
0196.png	False
0589.png	False
01348.png	False
0265.png	False
0497.png	False
0402.png	False
01013.png	False
0886.png	False
01090.png	False
0248.png	False
0256.png	False
01270.png	False
0925.png	False
0414.png	False
01113.png	False
01531.png	False
0470.png	False
01100.png	False
0440.png	False
01397.png	False
01033.png	False
0984.png	False
01321.png	False
01567.png	False
01030.png	False
0360.png	False
0363.png	False
0731.png	False
01252.png	False
0174.png	False
01260.png	False
01058.png	False
01168.png	False
01024.png	False
01329.png	False
074.png	False
0116.png	False
0459.png	False
0662.png	False
0879.png	False
01406.png	False
01423.png	False
0359.png	False
0203.png	False
0249.png	False
01224.png	False
01158.png	False
0417.png	False
0736.png	False
0483.png	False
057.png	False
0361.png	False
0425.png	False
01608.png	False
0345.png	False
01000.png	False
0503.png	False
048.png	False
01460.png	False
01459.png	False
065.png	False
0442.png	False
0300.png	False
0854.png	False
01078.png	False
08.png	False
01587.png	False
0364.png	False
0173.png	False
0509.png	False
01281.png	False
0785.png	False
0352.png	False
0344.png	False
0170.png	False
0867.png	False
0295.png	False
01159.png	False
0217.png	False
0396.png	False
028.png	False
0904.png	False
0947.png	False
0969.png	False
0754.png	False
0833.png	False
01454.png	False
01235.png	False
0349.png	False
01182.png	False
01257.png	False
0532.png	False
0934.png	False
01475.png	False
0905.png	False
0603.png	False
0817.png	False
0183.png	False
01106.png	False
0711.png	False
01186.png	False
01409.png	False
01564.png	False
0656.png	False
01286.png	False
0875.png	False
01146.png	False
0870.png	False
0461.png	False
072.png	False
01147.png	False
01160.png	False
01550.png	False
0584.png	False
0593.png	False
01372.png	False
01573.png	False
01277.png	False
0540.png	False
01153.png	False
01466.png	False
0383.png	False
01332.png	False
01010.png	False
01268.png	False
0786.png	False
01298.png	False
0666.png	False
058.png	False
0301.png	False
0607.png	False
01552.png	False
0899.png	False
0720.png	False
090.png	False
01267.png	False
095.png	False
0334.png	False
0499.png	False
0284.png	False
01144.png	False
0622.png	False
01434.png	False
0976.png	False
01563.png	False
0468.png	False
01355.png	False
0123.png	False
0327.png	False
0319.png	True
0484.png	False
01132.png	False
01018.png	False
01219.png	False
0971.png	False
0463.png	False
0165.png	False
0348.png	False
081.png	False
01431.png	False
0689.png	False
0917.png	False
01318.png	False
0505.png	False
0979.png	False
01215.png	False
01050.png	False
0486.png	False
0449.png	False
01151.png	False
0729.png	False
0601.png	False
0318.png	False
0860.png	False
0191.png	False
0426.png	False
0764.png	False
01358.png	False
0102.png	False
01602.png	False
0865.png	False
01586.png	True
01519.png	False
01297.png	False
064.png	False
01574.png	False
0701.png	False
0678.png	False
01283.png	False
01542.png	False
01353.png	False
01322.png	False
01162.png	False
0232.png	False
01004.png	False
0290.png	False
01430.png	False
0660.png	False
01302.png	False
045.png	False
0804.png	False
0735.png	False
0245.png	False
0171.png	False
031.png	False
01487.png	False
01202.png	False
01169.png	False
0132.png	False
0955.png	False
0397.png	False
01392.png	False
01607.png	False
0914.png	False
01535.png	False
01393.png	True
01367.png	False
0289.png	False
0365.png	False
0612.png	False
0350.png	False
01231.png	False
01501.png	False
0282.png	False
0782.png	False
0995.png	False
0707.png	False
01340.png	True
0966.png	False
01085.png	False
0825.png	False
0545.png	False
0820.png	False
0597.png	False
0108.png	False
01173.png	False
0555.png	False
0996.png	False
0632.png	False
0883.png	False
0714.png	False
0466.png	False
01490.png	False
01222.png	False
0144.png	False
0903.png	False
01610.png	False
0560.png	False
0522.png	False
01141.png	False
0215.png	False
0797.png	False
053.png	False
0763.png	False
0139.png	True
0909.png	False
0704.png	False
0768.png	False
0990.png	False
0342.png	True
01439.png	False
0978.png	False
01333.png	False
01379.png	False
0276.png	False
01435.png	False
01236.png	False
0997.png	False
01195.png	False
01408.png	False
016.png	False
0192.png	False
01127.png	False
0107.png	False
0142.png	False
0105.png	False
0124.png	True
0347.png	False
0258.png	False
0611.png	True
0201.png	False
01166.png	False
03.png	False
01433.png	False
0821.png	False
080.png	False
0161.png	False
0493.png	False
0399.png	False
0663.png	False
056.png	False
01083.png	False
01035.png	False
0543.png	False
01599.png	False
0292.png	False
01562.png	False
0929.png	True
0362.png	False
054.png	False
0838.png	False
0304.png	False
0846.png	False
0562.png	False
01330.png	False
0538.png	False
0544.png	False
01055.png	True
01022.png	False
01109.png	True
0333.png	False
0812.png	False
0677.png	False
0862.png	False
01377.png	False
0316.png	False
0793.png	False
0495.png	False
01489.png	False
0880.png	False
0944.png	False
0208.png	False
01482.png	False
01023.png	False
0759.png	False
01404.png	False
01006.png	False
0575.png	False
0267.png	False
0930.png	False
0728.png	False
0753.png	False
0241.png	False
0569.png	False
0565.png	False
01232.png	False
01445.png	False
029.png	False
0134.png	False
0392.png	False
0987.png	False
01291.png	False
01500.png	False
01021.png	False
01080.png	False
0476.png	True
01486.png	False
01474.png	False
01043.png	False
0169.png	False
0961.png	False
0281.png	False
0188.png	False
01253.png	False
01254.png	False
0546.png	False
01292.png	False
0218.png	False
0581.png	False
01247.png	False
0980.png	False
01248.png	False
0197.png	False
042.png	False
01047.png	False
052.png	False
0957.png	False
01347.png	False
0395.png	True
0550.png	False
01005.png	False
0661.png	False
0453.png	False
01472.png	False
0960.png	False
0179.png	False
0314.png	False
0644.png	False
07.png	False
0131.png	False
01401.png	False
01346.png	False
01488.png	False
0949.png	False
01383.png	False
01096.png	False
01087.png	False
0198.png	False
01287.png	False
0708.png	False
01296.png	False
01119.png	False
01467.png	False
01143.png	False
01125.png	False
01581.png	False
0596.png	False
0257.png	False
0456.png	False
0479.png	False
01499.png	False
01349.png	False
01114.png	False
049.png	False
0697.png	False
038.png	False
0101.png	False
025.png	False
0779.png	False
0850.png	False
0277.png	False
0932.png	False
0494.png	False
01063.png	False
082.png	False
01357.png	False
051.png	False
01026.png	False
0691.png	False
0485.png	False
0202.png	False
0270.png	False
040.png	False
0668.png	False
0498.png	False
0788.png	False
01604.png	False
01065.png	False
0864.png	False
0641.png	False
01453.png	False
01029.png	False
0839.png	False
01389.png	False
01240.png	False
0770.png	False
010.png	False
01170.png	False
0943.png	False
0341.png	False
0671.png	False
01198.png	False
0104.png	False
01214.png	False
069.png	False
01446.png	False
0621.png	False
0692.png	False
01514.png	False
01577.png	False
0556.png	False
089.png	False
0896.png	False
0919.png	False
0694.png	False
01470.png	False
01528.png	True
01427.png	False
01101.png	False
01201.png	False
01336.png	False
0465.png	False
0525.png	False
0586.png	False
01436.png	False
01613.png	False
039.png	False
01179.png	False
0329.png	False
0800.png	False
01521.png	False
0386.png	False
01555.png	False
01199.png	False
01313.png	False
0992.png	False
01110.png	False
0326.png	False
01595.png	False
01545.png	False
0492.png	False
0330.png	False
0472.png	False
01172.png	False
0548.png	False
0147.png	False
01196.png	False
01597.png	False
01156.png	False
01181.png	False
0343.png	False
01354.png	True
0143.png	False
01001.png	False
0766.png	False
0534.png	False
0994.png	False
0227.png	False
0787.png	False
01245.png	False
0590.png	False
0789.png	False
0959.png	False
01381.png	False
0627.png	False
01251.png	False
0337.png	False
0658.png	False
01155.png	False
0780.png	False
0315.png	False
01546.png	False
0389.png	False
0369.png	False
0964.png	False
01002.png	False
0448.png	False
0151.png	False
0452.png	False
0111.png	False
0119.png	False
0166.png	False
0592.png	False
0619.png	False
01396.png	False
0120.png	False
01152.png	False
0946.png	False
0238.png	False
0450.png	False
0775.png	False
0280.png	False
01075.png	False
01060.png	False
01017.png	False
01416.png	False
0148.png	False
01473.png	False
01319.png	False
0432.png	False
01583.png	False
098.png	False
0834.png	False
0690.png	False
01570.png	False
0861.png	False
01410.png	False
0937.png	False
01334.png	False
01188.png	False
0255.png	False
0685.png	False
01495.png	False
0401.png	False
01374.png	False
01207.png	False
087.png	False
0194.png	False
0725.png	False
0331.png	False
0769.png	False
0791.png	False
01093.png	True
063.png	False
0244.png	False
099.png	False
0551.png	False
01131.png	False
0902.png	False
0513.png	False
01014.png	False
0444.png	False
0335.png	False
01255.png	False
0408.png	False
0828.png	False
01589.png	False
01579.png	False
02.png	False
0351.png	False
0749.png	False
0274.png	False
01402.png	False
0115.png	False
0557.png	False
0473.png	False
01161.png	False
01378.png	False
0176.png	False
01575.png	False
0723.png	False
01506.png	False
0100.png	False
0539.png	True
0403.png	False
0398.png	False
01603.png	False
0705.png	False
0676.png	False
0974.png	False
0965.png	False
0409.png	False
01039.png	False
0433.png	False
0306.png	False
0552.png	False
0250.png	False
01525.png	False
0568.png	False
0317.png	True
085.png	False
01266.png	False
0422.png	False
01441.png	False
01565.png	False
0268.png	False
0340.png	False
0985.png	False
0652.png	False
0262.png	False
0679.png	False
01345.png	False
01097.png	False
0895.png	False
0381.png	False
0156.png	False
01007.png	False
0881.png	False
01163.png	False
0153.png	False
01310.png	False
0807.png	False
0221.png	False
01343.png	True
0637.png	False
0715.png	False
01221.png	False
01209.png	False
0901.png	False
01414.png	False
01335.png	False
0561.png	False
0910.png	False
0451.png	False
01419.png	False
01142.png	False
01576.png	False
0303.png	False
0724.png	False
01534.png	False
0794.png	False
01398.png	False
0419.png	False
01331.png	False
0695.png	False
0328.png	False
01407.png	False
0487.png	False
0852.png	False
0458.png	False
0106.png	False
097.png	False
0885.png	False
01390.png	False
01375.png	False
01088.png	False
0309.png	False
0477.png	False
0706.png	False
01591.png	False
0185.png	False
0163.png	True
01507.png	False
0182.png	False
0849.png	False
0743.png	False
01121.png	False
01037.png	False
0933.png	False
0752.png	False
01095.png	False
0441.png	False
0526.png	False
0136.png	True
0517.png	False
01516.png	False
022.png	False
01098.png	False
01520.png	False
0339.png	False
0155.png	False
01111.png	False
0655.png	False
01544.png	False
0563.png	False
0214.png	False
035.png	False
0844.png	False
0310.png	False
0212.png	False
0234.png	False
0872.png	False
01258.png	False
01197.png	False
0653.png	False
01126.png	False
0125.png	False
0993.png	False
01044.png	True
0760.png	False
01582.png	False
0209.png	True
0455.png	False
0774.png	False
0659.png	False
01594.png	False
0224.png	False
0863.png	False
01034.png	False
0624.png	False
0519.png	False
01193.png	False
01384.png	False
0588.png	False
0103.png	False
0229.png	False
059.png	False
01458.png	False
0845.png	False
0507.png	False
0480.png	False
0577.png	False
0358.png	False
0742.png	True
01103.png	False
0998.png	False
01223.png	False
0374.png	False
0533.png	False
0411.png	False
01413.png	False
01.png	False
0528.png	False
0489.png	False
0853.png	False
0680.png	False
0843.png	False
0598.png	True
01288.png	False
01301.png	False
01176.png	False
0654.png	False
01315.png	False
0367.png	False
0382.png	False
0445.png	True
011.png	False
01450.png	False
01149.png	False
0235.png	False
0802.png	False
0582.png	False
014.png	False
0837.png	False
0206.png	False
0892.png	False
0851.png	False
0613.png	False
01477.png	False
01536.png	False
01533.png	False
0385.png	False
0635.png	False
01200.png	False
0178.png	False
0894.png	False
01122.png	False
073.png	False
0591.png	False
0415.png	False
0439.png	False
066.png	False
01011.png	False
0819.png	False
0890.png	False
0388.png	False
01140.png	False
0393.png	False
0799.png	False
036.png	False
0747.png	False
0737.png	False
0199.png	False
0645.png	False
0322.png	False
0650.png	False
01366.png	False
0390.png	False
0639.png	False
0636.png	False
0305.png	False
062.png	False
0651.png	False
046.png	False
0633.png	False
0585.png	False
01261.png	False
01307.png	False
01040.png	False
0240.png	False
0443.png	False
0118.png	False
0213.png	False
01217.png	False
0926.png	False
0145.png	False
0504.png	False
0625.png	False
0841.png	False
0761.png	False
01242.png	False
0149.png	False
0567.png	False
0888.png	False
01483.png	False
01350.png	False
0814.png	False
0673.png	False
0405.png	False
0162.png	False
0263.png	False
01518.png	False
0308.png	False
018.png	False
01509.png	False
01218.png	False
0912.png	False
0312.png	False
01556.png	False
01611.png	False
01317.png	False
01293.png	False
01184.png	False
01256.png	False
0605.png	False
0815.png	True
0127.png	False
0275.png	False
0882.png	False
0939.png	False
0216.png	False
0269.png	False
0478.png	False
01385.png	False
0643.png	False
01457.png	False
0184.png	True
0231.png	False
0247.png	False
033.png	False
01025.png	True
0294.png	False
0259.png	False
01094.png	False
0806.png	False
01227.png	False
01206.png	False
01492.png	False
0856.png	False
01485.png	False
0744.png	False
01455.png	False
01479.png	False
01136.png	False
01551.png	False
01183.png	False
01003.png	False
01108.png	False
0223.png	False
01415.png	False
01560.png	False
01508.png	False
01118.png	False
0858.png	False
01086.png	False
0536.png	False
01399.png	False
01211.png	False
01042.png	False
019.png	False
01194.png	False
0578.png	False
01305.png	False
01282.png	False
0670.png	False
0831.png	False
0469.png	False
0953.png	False
01190.png	False
0940.png	False
0687.png	False
0810.png	False
067.png	False
0128.png	True
0941.png	False
01066.png	False
01543.png	False
01557.png	False
0923.png	False
0159.png	False
0464.png	False
01225.png	False
01554.png	False
01275.png	False
01405.png	False
0273.png	False
01062.png	False
0508.png	False
0640.png	False
055.png	False
01061.png	False
01134.png	False
01117.png	False
0298.png	False
01505.png	False
01027.png	True
0688.png	False
01590.png	False
0559.png	False
0898.png	False
01461.png	False
01323.png	False
0418.png	False
0378.png	False
01376.png	False
0135.png	False
0873.png	False
01469.png	False
0421.png	False
01561.png	False
01249.png	False
037.png	False
0911.png	False
01092.png	False
01229.png	False
0230.png	False
0558.png	False
0254.png	False
0950.png	False
01271.png	False
068.png	True
0824.png	False
0572.png	False
0253.png	False
01444.png	False
0732.png	False
01045.png	False
0516.png	False
0110.png	False
0595.png	True
01120.png	False
0140.png	False
01588.png	False
0778.png	False
0682.png	False
01059.png	False
0699.png	False
01566.png	False
0832.png	False
01079.png	False
0502.png	False
012.png	False
01584.png	False
024.png	False
0332.png	False
0356.png	False
0379.png	False
0261.png	False
0620.png	False
0416.png	False
050.png	False
0410.png	False
01191.png	False
0975.png	False
079.png	False
0413.png	False
0915.png	False
01494.png	False
0412.png	False
01031.png	False
0266.png	False
0375.png	False
01067.png	False
0400.png	False
086.png	False
0803.png	False
0384.png	False
01365.png	False
076.png	False
01295.png	False
01585.png	False
0529.png	False
01123.png	False
0279.png	False
0615.png	False
0700.png	False
0429.png	False
01580.png	False
01463.png	False
0172.png	False
01180.png	False
01054.png	False
0805.png	False
01279.png	False
020.png	False
0739.png	False
0320.png	False
0357.png	False
05.png	False
01091.png	False
0710.png	False
01210.png	False
09.png	False
0628.png	False
0848.png	False
01437.png	False
0168.png	False
0951.png	False
0874.png	False
01124.png	False
01053.png	False
0855.png	False
01154.png	False
0180.png	False
01273.png	False
015.png	False
0353.png	False
0177.png	False
0665.png	False
01264.png	False
01571.png	False
0857.png	False
0642.png	False
01609.png	False
094.png	False
0968.png	False
0246.png	False
0989.png	False
01128.png	False
01276.png	False
0698.png	False
0471.png	False
01046.png	False
0954.png	True
0373.png	True
0146.png	False
0784.png	False
0745.png	True
01600.png	False
0164.png	False
01244.png	False
0211.png	False
043.png	False
0835.png	False
01226.png	False
01102.png	False
0137.png	False
0541.png	False
0981.png	False
01553.png	False
0674.png	False
0520.png	False
0354.png	True
01135.png	False
0512.png	False
0434.png	False
01074.png	False
0252.png	False
0404.png	True
0629.png	False
0446.png	False
0366.png	False
091.png	False
0908.png	False
01511.png	False
0726.png	False
0809.png	False
01524.png	False
0338.png	False
01598.png	False
0288.png	False
01417.png	True
01558.png	False
0604.png	False
01568.png	False
0866.png	True
0307.png	False
0130.png	False
0237.png	False
0511.png	False
01157.png	False
01325.png	False
0618.png	False
01498.png	False
0647.png	False
0181.png	False
01167.png	False
0447.png	True
0836.png	False
0368.png	False
0228.png	False
01178.png	False
0423.png	False
0570.png	False
01359.png	False
0219.png	False
01360.png	False
0792.png	False
01238.png	False
0777.png	False
0649.png	False
01451.png	False
0889.png	False
0481.png	False
0657.png	False
0186.png	False
0189.png	False
01177.png	False
01529.png	False
01213.png	False
0325.png	False
01504.png	False
0962.png	False
01300.png	False
01069.png	False
01328.png	False
01324.png	False
060.png	False
0801.png	False
01448.png	False
0713.png	False
01361.png	False
0719.png	False
0717.png	False
0424.png	False
0988.png	False
01517.png	True
01185.png	False
01356.png	False
0727.png	False
0790.png	False
01148.png	False
0431.png	False
0154.png	False
0482.png	False
0193.png	False
0530.png	False
0574.png	False
075.png	False
01314.png	False
0646.png	False
01192.png	False
01526.png	False
01320.png	False
0721.png	False
01368.png	False
01049.png	False
0811.png	False
061.png	False
0781.png	True
0226.png	False
01203.png	False
01465.png	False
0133.png	False
0958.png	False
0716.png	False
01496.png	False
01510.png	False
032.png	False
0738.png	False
01601.png	False
0496.png	False
0114.png	False
0566.png	False
01394.png	False
0606.png	False
01612.png	False
01028.png	True
0236.png	False
0167.png	False
01411.png	False
01513.png	False
0460.png	False
01233.png	False
0767.png	False
0523.png	False
0906.png	False
01082.png	False
01164.png	False
0928.png	False
0648.png	False
0490.png	False
01593.png	False
01339.png	False
0407.png	False
01432.png	False
0918.png	False
01382.png	False
0457.png	False
0808.png	False
01447.png	False
0983.png	False
01386.png	False
01497.png	False
0160.png	False
0462.png	False
01493.png	False
0772.png	False
01308.png	False
01428.png	False
0430.png	False
01070.png	False
0952.png	False
0893.png	False
01165.png	False
021.png	False
0491.png	False
01380.png	False
0948.png	False
0683.png	False
01480.png	False
0599.png	False
01491.png	False
01175.png	False
0109.png	False
0371.png	False
01137.png	False
0813.png	False
01364.png	False
01523.png	False
01327.png	False
01220.png	False
0667.png	False
0884.png	False
01449.png	True
01265.png	False
01484.png	False
01522.png	False
01116.png	False
0818.png	False
06.png	False
0152.png	False
01299.png	False
077.png	False
0916.png	False
0391.png	False
0796.png	False
01139.png	False
0991.png	False
0437.png	False
01250.png	False
0243.png	False
01107.png	False
01481.png	False
0967.png	False
092.png	False
01084.png	False
01189.png	False
088.png	False
0158.png	False
01041.png	True
01262.png	False
01429.png	False
0602.png	False
04.png	False
0428.png	False
0355.png	False
01073.png	False
01515.png	False
0675.png	False
0703.png	False
01502.png	False
01572.png	False
01246.png	False
0750.png	False
01541.png	False
0712.png	False
0521.png	False
01278.png	False
0500.png	False
0554.png	False
